Average Domestic Airline Itinerary Fares By Origin City for Q4 2024 Ranked by Total Number of Domestic Passengers in 2024,,,,,,,,,,,,,,,,,,
2024 Passenger Rank,Airport Code,Airport Name,City Name,State Name,Average Fare ($),Inflation Adjusted Average Fare ($) (Base Quarter:  Q4-2024),2024 Passengers (10% sample),,,,,,,,,,,
1,LAX,Los Angeles International,Los Angeles,CA,430.99,430.99," 1,284,083 ",,,,,,,,,,,
2,ORD,Chicago O'Hare International,Chicago-O'Hare,IL,393.45,393.45," 1,089,038 ",,,,,,,,,,,
3,DEN,Denver International,Denver,CO,372.48,372.48," 1,023,630 ",,,,,,,,,,,
4,ATL,Hartsfield-Jackson Atlanta International,Atlanta,GA,421.70,421.70," 1,012,618 ",,,,,,,,,,,
5,BOS,Logan International,Boston,MA,369.14,369.14," 986,868 ",,,,,,,,,,,
6,EWR,Newark Liberty International,Newark,NJ,449.51,449.51," 940,299 ",,,,,,,,,,,
7,DFW,Dallas/Fort Worth International,Dallas-DFW,TX,417.38,417.38," 894,683 ",,,,,,,,,,,
8,SEA,Seattle/Tacoma International,Seattle,WA,409.29,409.29," 880,202 ",,,,,,,,,,,
9,MCO,Orlando International,Orlando,FL,287.28,287.28," 845,562 ",,,,,,,,,,,
10,SFO,San Francisco International,San Francisco,CA,467.82,467.82," 844,286 ",,,,,,,,,,,
11,PHX,Phoenix Sky Harbor International,Phoenix,AZ,379.86,379.86," 825,399 ",,,,,,,,,,,
12,LGA,LaGuardia,New York-La Guardia,NY,362.44,362.44," 795,129 ",,,,,,,,,,,
13,JFK,John F. Kennedy International,New York-JFK,NY,438.82,438.82," 750,626 ",,,,,,,,,,,
14,LAS,Harry Reid International,Las Vegas,NV,291.34,291.34," 675,568 ",,,,,,,,,,,
15,MSP,Minneapolis-St Paul International,Minneapolis,MN,414.75,414.75," 657,943 ",,,,,,,,,,,
16,IAH,George Bush Intercontinental/Houston,Houston-Intercontinental,TX,419.19,419.19," 627,878 ",,,,,,,,,,,
17,PHL,Philadelphia International,Philadelphia,PA,406.91,406.91," 618,958 ",,,,,,,,,,,
18,SAN,San Diego International,San Diego,CA,385.57,385.57," 596,023 ",,,,,,,,,,,
19,FLL,Fort Lauderdale-Hollywood International,Fort Lauderdale,FL,274.60,274.60," 585,196 ",,,,,,,,,,,
20,DTW,Detroit Metro Wayne County,Detroit,MI,453.91,453.91," 572,843 ",,,,,,,,,,,
21,DCA,Ronald Reagan Washington National,Washington-Reagan National,DC,396.15,396.15," 547,638 ",,,,,,,,,,,
22,TPA,Tampa International,Tampa,FL,342.14,342.14," 534,514 ",,,,,,,,,,,
23,BWI,Baltimore/Washington International Thurgood Marshall,Baltimore,MD,384.37,384.37," 489,183 ",,,,,,,,,,,
24,MIA,Miami International,Miami,FL,358.60,358.60," 478,084 ",,,,,,,,,,,
25,AUS,Austin - Bergstrom International,Austin,TX,427.29,427.29," 472,888 ",,,,,,,,,,,
26,CLT,Charlotte Douglas International,Charlotte,NC,419.36,419.36," 446,301 ",,,,,,,,,,,
27,PDX,Portland International,Portland,OR,391.30,391.30," 441,785 ",,,,,,,,,,,
28,BNA,Nashville International,Nashville,TN,379.05,379.05," 441,195 ",,,,,,,,,,,
29,SLC,Salt Lake City International,Salt Lake City,UT,453.66,453.66," 434,499 ",,,,,,,,,,,
30,RDU,Raleigh-Durham International,Raleigh/Durham,NC,371.61,371.61," 403,082 ",,,,,,,,,,,
31,SMF,Sacramento International,Sacramento,CA,399.07,399.07," 367,629 ",,,,,,,,,,,
32,HNL,Daniel K Inouye International,Honolulu,HI,377.62,377.62," 355,128 ",,,,,,,,,,,
33,MDW,Chicago Midway International,Chicago-Midway,IL,322.95,322.95," 349,329 ",,,,,,,,,,,
34,STL,St Louis Lambert International,St. Louis,MO,418.45,418.45," 317,689 ",,,,,,,,,,,
35,IAD,Washington Dulles International,Washington-Dulles,DC,509.23,509.23," 316,263 ",,,,,,,,,,,
36,SJC,Norman Y. Mineta San Jose International,San Jose,CA,340.28,340.28," 305,263 ",,,,,,,,,,,
37,MCI,Kansas City International,Kansas City,MO,422.16,422.16," 297,424 ",,,,,,,,,,,
38,DAL,Dallas Love Field,Dallas-Love Field,TX,355.25,355.25," 289,935 ",,,,,,,,,,,
39,IND,Indianapolis International,Indianapolis,IN,406.27,406.27," 289,135 ",,,,,,,,,,,
40,CLE,Cleveland-Hopkins International,Cleveland,OH,382.70,382.70," 275,340 ",,,,,,,,,,,
41,PIT,Pittsburgh International,Pittsburgh,PA,391.85,391.85," 273,272 ",,,,,,,,,,,
42,OAK,Metro Oakland International,Oakland,CA,338.15,338.15," 268,902 ",,,,,,,,,,,
43,MSY,Louis Armstrong New Orleans International,New Orleans,LA,348.57,348.57," 268,725 ",,,,,,,,,,,
44,SJU,Luis Munoz Marin International,San Juan,PR,276.37,276.37," 262,979 ",,,,,,,,,,,
45,SAT,San Antonio International,San Antonio,TX,421.24,421.24," 261,417 ",,,,,,,,,,,
46,CVG,Cincinnati/Northern Kentucky International,Cincinnati,OH,379.60,379.60," 254,552 ",,,,,,,,,,,
47,SNA,John Wayne Airport-Orange County,Santa Ana,CA,447.41,447.41," 254,126 ",,,,,,,,,,,
48,CMH,John Glenn Columbus International,Columbus,OH,416.38,416.38," 244,751 ",,,,,,,,,,,
49,HOU,William P Hobby,Houston-Hobby,TX,375.92,375.92," 229,047 ",,,,,,,,,,,
50,RSW,Southwest Florida International,Fort Myers,FL,356.45,356.45," 215,751 ",,,,,,,,,,,
51,BDL,Bradley International,Hartford,CT,381.09,381.09," 210,677 ",,,,,,,,,,,
52,PBI,Palm Beach International,West Palm Beach/Palm Beach,FL,354.62,354.62," 207,211 ",,,,,,,,,,,
53,ONT,Ontario International,Ontario,CA,381.50,381.50," 198,746 ",,,,,,,,,,,
54,JAX,Jacksonville International,Jacksonville,FL,426.27,426.27," 190,561 ",,,,,,,,,,,
55,BUR,Bob Hope,Burbank,CA,336.25,336.25," 183,243 ",,,,,,,,,,,
56,MKE,General Mitchell International,Milwaukee,WI,421.76,421.76," 179,994 ",,,,,,,,,,,
57,BUF,Buffalo Niagara International,Buffalo,NY,339.51,339.51," 146,872 ",,,,,,,,,,,
58,RIC,Richmond International,Richmond,VA,422.75,422.75," 145,166 ",,,,,,,,,,,
59,CHS,Charleston AFB/International,Charleston,SC,379.53,379.53," 144,183 ",,,,,,,,,,,
60,OMA,Eppley Airfield,Omaha,NE,439.94,439.94," 143,403 ",,,,,,,,,,,
61,BOI,Boise Air Terminal,Boise,ID,410.25,410.25," 135,151 ",,,,,,,,,,,
62,ORF,Norfolk International,Norfolk,VA,437.06,437.06," 135,070 ",,,,,,,,,,,
63,MEM,Memphis International,Memphis,TN,436.40,436.40," 133,439 ",,,,,,,,,,,
64,ABQ,Albuquerque International Sunport,Albuquerque,NM,429.25,429.25," 133,295 ",,,,,,,,,,,
65,PVD,Rhode Island Tf Green International,Providence,RI,342.28,342.28," 123,931 ",,,,,,,,,,,
66,GRR,Gerald R. Ford International,Grand Rapids,MI,417.79,417.79," 122,792 ",,,,,,,,,,,
67,SDF,Louisville Muhammad Ali International,Louisville,KY,419.21,419.21," 122,639 ",,,,,,,,,,,
68,OKC,Will Rogers World,Oklahoma City,OK,454.70,454.70," 121,164 ",,,,,,,,,,,
69,ELP,El Paso International,El Paso,TX,404.46,404.46," 120,309 ",,,,,,,,,,,
70,ANC,Ted Stevens Anchorage International,Anchorage,AK,595.07,595.07," 113,291 ",,,,,,,,,,,
71,GEG,Spokane International,Spokane,WA,426.21,426.21," 112,587 ",,,,,,,,,,,
72,OGG,Kahului Airport,Kahului,HI,290.86,290.86," 112,368 ",,,,,,,,,,,
73,RNO,Reno/Tahoe International,Reno,NV,393.74,393.74," 109,805 ",,,,,,,,,,,
74,LGB,Long Beach Airport,Long Beach,CA,353.41,353.41," 102,848 ",,,,,,,,,,,
75,TUS,Tucson International,Tucson,AZ,455.92,455.92," 102,184 ",,,,,,,,,,,
76,SYR,Syracuse Hancock International,Syracuse,NY,400.65,400.65," 94,536 ",,,,,,,,,,,
77,DSM,Des Moines International,Des Moines,IA,404.10,404.10," 91,115 ",,,,,,,,,,,
78,ALB,Albany International,Albany,NY,431.41,431.41," 88,845 ",,,,,,,,,,,
79,TUL,Tulsa International,Tulsa,OK,451.18,451.18," 88,037 ",,,,,,,,,,,
80,BHM,Birmingham-Shuttlesworth International,Birmingham,AL,504.77,504.77," 87,795 ",,,,,,,,,,,
81,SRQ,Sarasota/Bradenton International,Sarasota/Bradenton,FL,346.09,346.09," 86,365 ",,,,,,,,,,,
82,HPN,Westchester County,White Plains,NY,376.45,376.45," 85,416 ",,,,,,,,,,,
83,SAV,Savannah/Hilton Head International,Savannah,GA,414.92,414.92," 85,268 ",,,,,,,,,,,
84,ROC,Frederick Douglass Grtr Rochester International,Rochester,NY,387.87,387.87," 81,114 ",,,,,,,,,,,
85,TYS,McGhee Tyson,Knoxville,TN,420.75,420.75," 80,983 ",,,,,,,,,,,
86,KOA,Ellison Onizuka Kona International at Keahole,Kona,HI,280.63,280.63," 75,880 ",,,,,,,,,,,
87,GSP,Greenville-Spartanburg International,Greer,SC,478.67,478.67," 74,606 ",,,,,,,,,,,
88,PNS,Pensacola International,Pensacola,FL,434.03,434.03," 72,946 ",,,,,,,,,,,
89,COS,City of Colorado Springs Municipal,Colorado Springs,CO,443.99,443.99," 67,750 ",,,,,,,,,,,
90,MYR,Myrtle Beach International,Myrtle Beach,SC,309.42,309.42," 67,308 ",,,,,,,,,,,
91,MSN,Dane County Regional-Truax Field,Madison,WI,515.51,515.51," 67,201 ",,,,,,,,,,,
92,LIH,Lihue Airport,Lihue,HI,264.27,264.27," 66,233 ",,,,,,,,,,,
93,FAT,Fresno Yosemite International,Fresno,CA,440.00,440.00," 65,689 ",,,,,,,,,,,
94,PWM,Portland International Jetport,Portland,ME,419.09,419.09," 65,280 ",,,,,,,,,,,
95,LIT,Bill and Hillary Clinton Nat Adams Field,Little Rock,AR,460.35,460.35," 63,818 ",,,,,,,,,,,
96,XNA,Northwest Arkansas National,Fayetteville,AR,471.32,471.32," 60,392 ",,,,,,,,,,,
97,BZN,Bozeman Yellowstone International,Bozeman,MT,452.94,452.94," 56,214 ",,,,,,,,,,,
98,AVL,Asheville Regional,Asheville,NC,334.48,334.48," 52,773 ",,,,,,,,,,,
99,PSP,Palm Springs International,Palm Springs,CA,425.80,425.80," 52,513 ",,,,,,,,,,,
100,GSO,Piedmont Triad International,Greensboro/High Point,NC,484.59,484.59," 52,146 ",,,,,,,,,,,
101,ICT,Wichita Dwight D Eisenhower National,Wichita,KS,446.72,446.72," 50,450 ",,,,,,,,,,,
102,PIE,St Pete Clearwater International,St. Petersburg,FL,132.18,132.18," 48,668 ",,,,,,,,,,,
103,SFB,Orlando Sanford International,Sanford,FL,129.99,129.99," 48,131 ",,,,,,,,,,,
104,EUG,Mahlon Sweet Field,Eugene,OR,435.40,435.40," 48,046 ",,,,,,,,,,,
105,CID,The Eastern Iowa,Cedar Rapids/Iowa City,IA,421.02,421.02," 46,040 ",,,,,,,,,,,
106,HVN,Tweed New Haven,New Haven,CT,174.12,174.12," 45,855 ",,,,,,,,,,,
107,HSV,Huntsville International-Carl T Jones Field,Huntsville,AL,552.73,552.73," 44,464 ",,,,,,,,,,,
108,MDT,Harrisburg International,Harrisburg,PA,469.37,469.37," 42,667 ",,,,,,,,,,,
109,ISP,Long Island MacArthur,Islip,NY,285.80,285.80," 42,627 ",,,,,,,,,,,
110,LEX,Blue Grass,Lexington,KY,475.63,475.63," 42,439 ",,,,,,,,,,,
111,MAF,Midland International Air and Space Port,Midland/Odessa,TX,436.71,436.71," 41,759 ",,,,,,,,,,,
112,FSD,Joe Foss Field,Sioux Falls,SD,420.02,420.02," 40,697 ",,,,,,,,,,,
113,AZA,Phoenix - Mesa Gateway,Phoenix,AZ,153.92,153.92," 40,330 ",,,,,,,,,,,
114,MFE,McAllen International,Mission/McAllen/Edinburg,TX,408.82,408.82," 39,274 ",,,,,,,,,,,
115,VPS,Eglin AFB Destin Fort Walton Beach,Valparaiso,FL,413.12,413.12," 38,296 ",,,,,,,,,,,
116,ILM,Wilmington International,Wilmington,NC,500.70,500.70," 38,008 ",,,,,,,,,,,
117,ITO,Hilo International,Hilo,HI,225.58,225.58," 37,948 ",,,,,,,,,,,
118,SGF,Springfield-Branson National,Springfield,MO,465.79,465.79," 37,755 ",,,,,,,,,,,
119,PGD,Punta Gorda Airport,Punta Gorda,FL,142.09,142.09," 37,063 ",,,,,,,,,,,
120,MHT,Manchester Boston Regional,Manchester,NH,419.16,419.16," 37,031 ",,,,,,,,,,,
121,BTV,Burlington International,Burlington,VT,484.33,484.33," 36,575 ",,,,,,,,,,,
122,SBA,Santa Barbara Municipal,Santa Barbara,CA,476.11,476.11," 36,080 ",,,,,,,,,,,
123,JAN,Jackson Medgar Wiley Evers International,Jackson/Vicksburg,MS,510.84,510.84," 35,868 ",,,,,,,,,,,
124,ATW,Appleton International,Appleton,WI,398.00,398.00," 35,369 ",,,,,,,,,,,
125,CAE,Columbia Metropolitan,Columbia,SC,514.30,514.30," 35,315 ",,,,,,,,,,,
126,DAY,James M Cox/Dayton International,Dayton,OH,476.92,476.92," 35,189 ",,,,,,,,,,,
127,ECP,Northwest Florida Beaches International,Panama City,FL,482.15,482.15," 33,188 ",,,,,,,,,,,
128,RDM,Roberts Field,Bend/Redmond,OR,459.36,459.36," 33,127 ",,,,,,,,,,,
129,FAR,Hector International,Fargo,ND,453.60,453.60," 32,694 ",,,,,,,,,,,
130,CHA,Lovell Field,Chattanooga,TN,523.06,523.06," 31,471 ",,,,,,,,,,,
131,LBB,Lubbock Preston Smith International,Lubbock,TX,466.30,466.30," 30,395 ",,,,,,,,,,,
132,ABE,Lehigh Valley International,Allentown/Bethlehem/Easton,PA,290.14,290.14," 29,795 ",,,,,,,,,,,
133,HRL,Valley International,Harlingen/San Benito,TX,335.35,335.35," 29,191 ",,,,,,,,,,,
134,ACY,Atlantic City International,Atlantic City,NJ,167.88,167.88," 28,530 ",,,,,,,,,,,
135,MFR,Rogue Valley International - Medford,Medford,OR,450.14,450.14," 28,387 ",,,,,,,,,,,
136,SBN,South Bend International,South Bend,IN,424.20,424.20," 27,926 ",,,,,,,,,,,
137,PSC,Tri Cities,Pasco/Kennewick/Richland,WA,482.89,482.89," 27,906 ",,,,,,,,,,,
138,FAI,Fairbanks International,Fairbanks,AK,589.52,589.52," 27,618 ",,,,,,,,,,,
139,PVU,Provo Municipal,Provo,UT,180.63,180.63," 27,400 ",,,,,,,,,,,
140,FWA,Fort Wayne International,Fort Wayne,IN,420.96,420.96," 26,685 ",,,,,,,,,,,
141,TLH,Tallahassee International,Tallahassee,FL,572.06,572.06," 25,686 ",,,,,,,,,,,
142,MSO,Missoula Montana,Missoula,MT,489.74,489.74," 25,558 ",,,,,,,,,,,
143,CAK,Akron-Canton Regional,Akron,OH,293.47,293.47," 25,340 ",,,,,,,,,,,
144,BIL,Billings Logan International,Billings,MT,482.53,482.53," 25,278 ",,,,,,,,,,,
145,STT,Cyril E King,Charlotte Amalie,VI,364.88,364.88," 23,386 ",,,,,,,,,,,
146,BTR,Baton Rouge Metropolitan/Ryan Field,Baton Rouge,LA,519.74,519.74," 22,788 ",,,,,,,,,,,
147,PIA,General Downing - Peoria International,Peoria,IL,362.78,362.78," 22,607 ",,,,,,,,,,,
148,STS,Charles M. Schulz - Sonoma County,Santa Rosa,CA,298.00,298.00," 21,711 ",,,,,,,,,,,
149,AMA,Rick Husband Amarillo International,Amarillo,TX,451.32,451.32," 21,618 ",,,,,,,,,,,
150,FCA,Glacier Park International,Kalispell,MT,505.35,505.35," 21,498 ",,,,,,,,,,,
151,ROA,Roanoke Blacksburg Regional,Roanoke,VA,516.85,516.85," 21,008 ",,,,,,,,,,,
152,BQN,Rafael Hernandez,Aguadilla,PR,258.57,258.57," 20,736 ",,,,,,,,,,,
153,CHO,Charlottesville Albemarle,Charlottesville,VA,504.19,504.19," 20,466 ",,,,,,,,,,,
154,MLI,Quad Cities International,Moline,IL,428.99,428.99," 20,094 ",,,,,,,,,,,
155,RAP,Rapid City Regional,Rapid City,SD,447.86,447.86," 20,028 ",,,,,,,,,,,
156,SBP,San Luis County Regional,San Luis Obispo,CA,535.45,535.45," 19,797 ",,,,,,,,,,,
157,FNT,Bishop International,Flint,MI,244.41,244.41," 19,789 ",,,,,,,,,,,
158,CRP,Corpus Christi International,Corpus Christi,TX,515.45,515.45," 19,530 ",,,,,,,,,,,
159,PAE,Snohomish County,Everett,WA,407.10,407.10," 19,523 ",,,,,,,,,,,
160,SHV,Shreveport Regional,Shreveport,LA,512.35,512.35," 19,446 ",,,,,,,,,,,
161,TVC,Cherry Capital,Traverse City,MI,492.08,492.08," 19,320 ",,,,,,,,,,,
162,BGR,Bangor International,Bangor,ME,403.46,403.46," 19,034 ",,,,,,,,,,,
163,GRB,Green Bay Austin Straubel International,Green Bay,WI,580.39,580.39," 18,187 ",,,,,,,,,,,
164,BIS,Bismarck Municipal,Bismarck/Mandan,ND,455.90,455.90," 17,904 ",,,,,,,,,,,
165,BLI,Bellingham International,Bellingham,WA,280.46,280.46," 17,664 ",,,,,,,,,,,
166,AGS,Augusta Regional at Bush Field,Augusta,GA,563.55,563.55," 17,458 ",,,,,,,,,,,
167,IDA,Idaho Falls Regional,Idaho Falls,ID,472.59,472.59," 17,151 ",,,,,,,,,,,
168,DAB,Daytona Beach International,Daytona Beach,FL,484.61,484.61," 16,860 ",,,,,,,,,,,
169,JAC,Jackson Hole,Jackson,WY,611.73,611.73," 16,840 ",,,,,,,,,,,
170,TTN,Trenton Mercer,Trenton,NJ,185.04,185.04," 16,828 ",,,,,,,,,,,
171,GNV,Gainesville Regional,Gainesville,FL,584.78,584.78," 16,639 ",,,,,,,,,,,
172,EYW,Key West International,Key West,FL,399.15,399.15," 16,616 ",,,,,,,,,,,
173,GPT,Gulfport-Biloxi International,Gulfport/Biloxi,MS,484.64,484.64," 16,550 ",,,,,,,,,,,
174,MOB,Mobile Regional,Mobile,AL,523.38,523.38," 15,611 ",,,,,,,,,,,
175,LFT,Lafayette Regional Paul Fournet Field,Lafayette,LA,572.47,572.47," 14,541 ",,,,,,,,,,,
176,MRY,Monterey Regional,Monterey,CA,485.08,485.08," 14,130 ",,,,,,,,,,,
177,AVP,Wilkes Barre Scranton International,Scranton/Wilkes-Barre,PA,436.88,436.88," 14,115 ",,,,,,,,,,,
178,JNU,Juneau International,Juneau,AK,489.24,489.24," 14,056 ",,,,,,,,,,,
179,GJT,Grand Junction Regional,Grand Junction,CO,550.54,550.54," 13,880 ",,,,,,,,,,,
180,TRI,Tri Cities,Bristol/Johnson City/Kingsport,TN,600.42,600.42," 12,639 ",,,,,,,,,,,
181,MLB,Melbourne Orlando International,Melbourne,FL,516.49,516.49," 12,470 ",,,,,,,,,,,
182,BRO,Brownsville South Padre Island International,Brownsville,TX,385.42,385.42," 12,172 ",,,,,,,,,,,
183,BFL,Meadows Field,Bakersfield,CA,559.15,559.15," 11,994 ",,,,,,,,,,,
184,DRO,Durango La Plata County,Durango,CO,588.10,588.10," 11,912 ",,,,,,,,,,,
185,CRW,West Virginia International Yeager,Charleston/Dunbar,WV,525.09,525.09," 11,747 ",,,,,,,,,,,
186,ASE,Aspen Pitkin County Sardy Field,Aspen,CO,670.44,670.44," 11,153 ",,,,,,,,,,,
187,BLV,Scott AFB MidAmerica St Louis,Belleville,IL,141.35,141.35," 11,114 ",,,,,,,,,,,
188,GTF,Great Falls International,Great Falls,MT,485.66,485.66," 10,663 ",,,,,,,,,,,
189,EVV,Evansville Regional,Evansville,IN,560.80,560.80," 10,601 ",,,,,,,,,,,
190,FAY,Fayetteville Regional/Grannis Field,Fayetteville,NC,502.79,502.79," 10,527 ",,,,,,,,,,,
191,MOT,Minot International,Minot,ND,461.98,461.98," 10,415 ",,,,,,,,,,,
192,LCK,Rickenbacker International,Columbus,OH,146.95,146.95," 10,393 ",,,,,,,,,,,
193,MGM,Montgomery Regional,Montgomery,AL,533.78,533.78," 10,260 ",,,,,,,,,,,
194,MTJ,Montrose Regional,Montrose/Delta,CO,465.07,465.07," 10,218 ",,,,,,,,,,,
195,ILG,New Castle,Wilmington,DE,175.14,175.14," 10,215 ",,,,,,,,,,,
196,LRD,Laredo International,Laredo,TX,440.47,440.47," 9,858 ",,,,,,,,,,,
197,BMI,Central Il Regional Airport at Bloomington,Bloomington/Normal,IL,478.97,478.97," 9,540 ",,,,,,,,,,,
198,ORH,Worcester Regional,Worcester,MA,290.36,290.36," 9,491 ",,,,,,,,,,,
199,RFD,Chicago/Rockford International,Rockford,IL,177.82,177.82," 9,435 ",,,,,,,,,,,
200,STX,Henry E. Rohlsen,Christiansted,VI,375.85,375.85," 8,986 ",,,,,,,,,,,
201,OAJ,Albert J Ellis,Jacksonville/Camp Lejeune,NC,559.65,559.65," 8,903 ",,,,,,,,,,,
202,PSE,Mercedita,Ponce,PR,230.78,230.78," 8,826 ",,,,,,,,,,,
203,SGU,St George Regional,St. George,UT,562.68,562.68," 7,927 ",,,,,,,,,,,
204,EGE,Eagle County Regional,Eagle,CO,650.26,650.26," 7,923 ",,,,,,,,,,,
205,SAF,Santa Fe Municipal,Santa Fe,NM,534.91,534.91," 7,660 ",,,,,,,,,,,
206,SCE,University Park,State College,PA,654.66,654.66," 7,557 ",,,,,,,,,,,
207,ACV,California Redwood Coast Humboldt County,Arcata/Eureka,CA,459.34,459.34," 7,528 ",,,,,,,,,,,
208,DLH,Duluth International,Duluth,MN,543.50,543.50," 7,375 ",,,,,,,,,,,
209,PBG,Plattsburgh International,Plattsburgh,NY,181.54,181.54," 6,860 ",,,,,,,,,,,
210,LAN,Capital Region International,Lansing,MI,439.94,439.94," 6,720 ",,,,,,,,,,,
211,HDN,Yampa Valley,Hayden,CO,500.43,500.43," 6,709 ",,,,,,,,,,,
212,XWA,Williston Basin International,Williston,ND,575.08,575.08," 6,630 ",,,,,,,,,,,
213,LNK,Lincoln Airport,Lincoln,NE,567.00,567.00," 6,629 ",,,,,,,,,,,
214,USA,Concord Padgett Regional,Concord,NC,118.38,118.38," 6,582 ",,,,,,,,,,,
215,SWF,New York Stewart International,Newburgh/Poughkeepsie,NY,162.53,162.53," 6,432 ",,,,,,,,,,,
216,MBS,MBS International,Saginaw/Bay City/Midland,MI,557.60,557.60," 6,283 ",,,,,,,,,,,
217,HTS,Tri-State/Milton J. Ferguson Field,Ashland,WV,356.02,356.02," 6,189 ",,,,,,,,,,,
218,MLU,Monroe Regional,Monroe,LA,615.92,615.92," 6,137 ",,,,,,,,,,,
219,GRK,Robert Gray AAF,Killeen,TX,599.81,599.81," 5,882 ",,,,,,,,,,,
220,LBE,Arnold Palmer Regional,Latrobe,PA,157.42,157.42," 5,672 ",,,,,,,,,,,
221,AZO,Kalamazoo/Battle Creek International,Kalamazoo,MI,519.94,519.94," 5,637 ",,,,,,,,,,,
222,HLN,Helena Regional,Helena,MT,595.48,595.48," 5,609 ",,,,,,,,,,,
223,ABI,Abilene Regional,Abilene,TX,598.55,598.55," 5,572 ",,,,,,,,,,,
224,ELM,Elmira/Corning Regional,Elmira/Corning,NY,372.31,372.31," 5,534 ",,,,,,,,,,,
225,CPR,Casper/Natrona County International,Casper,WY,597.59,597.59," 5,500 ",,,,,,,,,,,
226,BET,Bethel Airport,Bethel,AK,452.47,452.47," 5,442 ",,,,,,,,,,,
227,ACK,Nantucket Memorial,Nantucket,MA,395.66,395.66," 5,436 ",,,,,,,,,,,
228,LCH,Lake Charles Regional,Lake Charles,LA,510.68,510.68," 5,431 ",,,,,,,,,,,
229,GFK,Grand Forks International,Grand Forks,ND,497.11,497.11," 5,419 ",,,,,,,,,,,
230,KTN,Ketchikan International,Ketchikan,AK,504.61,504.61," 5,377 ",,,,,,,,,,,
231,CWA,Central Wisconsin,Mosinee,WI,659.95,659.95," 5,375 ",,,,,,,,,,,
231,COU,Columbia Regional,Columbia,MO,623.52,623.52," 5,375 ",,,,,,,,,,,
233,RDD,Redding Regional,Redding,CA,504.76,504.76," 5,149 ",,,,,,,,,,,
234,EWN,Coastal Carolina Regional,New Bern/Morehead/Beaufort,NC,537.55,537.55," 5,024 ",,,,,,,,,,,
235,AEX,Alexandria International,Alexandria,LA,647.03,647.03," 5,014 ",,,,,,,,,,,
236,LYH,Lynchburg Regional/Preston Glenn Field,Lynchburg,VA,571.84,571.84," 4,980 ",,,,,,,,,,,
237,MHK,Manhattan Regional,Manhattan/Ft. Riley,KS,605.31,605.31," 4,941 ",,,,,,,,,,,
238,SUN,Friedman Memorial,Sun Valley/Hailey/Ketchum,ID,660.38,660.38," 4,889 ",,,,,,,,,,,
239,CMI,University of Illinois/Willard,Champaign/Urbana,IL,613.12,613.12," 4,867 ",,,,,,,,,,,
240,RST,Rochester International,Rochester,MN,516.93,516.93," 4,832 ",,,,,,,,,,,
241,VRB,Vero Beach Regional,Vero Beach,FL,180.89,180.89," 4,646 ",,,,,,,,,,,
242,GUM,Guam International,Guam,TT,1559.25,1559.25," 4,466 ",,,,,,,,,,,
243,TOL,Eugene F Kranz Toledo Express,Toledo,OH,161.20,161.20," 4,355 ",,,,,,,,,,,
244,IAG,Niagara Falls International,Niagara Falls,NY,176.22,176.22," 4,190 ",,,,,,,,,,,
245,YUM,Yuma MCAS/Yuma International,Yuma,AZ,647.52,647.52," 4,071 ",,,,,,,,,,,
246,PHF,Newport News/Williamsburg International,Newport News/Williamsburg,VA,521.56,521.56," 3,955 ",,,,,,,,,,,
247,SCK,Stockton Metro,Stockton,CA,134.09,134.09," 3,948 ",,,,,,,,,,,
248,ITH,Ithaca Tompkins International,Ithaca/Cortland,NY,550.99,550.99," 3,911 ",,,,,,,,,,,
249,GRI,Central Nebraska Regional,Grand Island,NE,355.95,355.95," 3,849 ",,,,,,,,,,,
250,PSM,Portsmouth International at Pease,Portsmouth,NH,163.88,163.88," 3,847 ",,,,,,,,,,,
251,SIT,Sitka Rocky Gutierrez,Sitka,AK,471.63,471.63," 3,745 ",,,,,,,,,,,
252,CLL,Easterwood Field,College Station/Bryan,TX,573.00,573.00," 3,669 ",,,,,,,,,,,
253,PUW,Pullman Moscow Regional,Pullman,WA,458.71,458.71," 3,643 ",,,,,,,,,,,
254,HHH,Hilton Head Airport,Hilton Head,SC,476.42,476.42," 3,578 ",,,,,,,,,,,
255,FLG,Flagstaff Pulliam,Flagstaff,AZ,646.94,646.94," 3,507 ",,,,,,,,,,,
256,ADQ,Kodiak Airport,Kodiak,AK,580.50,580.50," 3,500 ",,,,,,,,,,,
257,SPI,Abraham Lincoln Capital,Springfield,IL,263.52,263.52," 3,455 ",,,,,,,,,,,
258,LWS,Lewiston Nez Perce County,Lewiston,ID,504.94,504.94," 3,448 ",,,,,,,,,,,
259,SBY,Salisbury-Ocean City/Wicomico Regional,Salisbury,MD,655.09,655.09," 3,343 ",,,,,,,,,,,
260,TYR,Tyler Pounds Regional,Tyler,TX,610.60,610.60," 3,286 ",,,,,,,,,,,
261,ACT,Waco Regional,Waco,TX,607.15,607.15," 3,244 ",,,,,,,,,,,
262,MVY,Martha's Vineyard Airport,Martha's Vineyard,MA,374.99,374.99," 3,230 ",,,,,,,,,,,
263,FSM,Fort Smith Regional,Fort Smith,AR,687.56,687.56," 3,187 ",,,,,,,,,,,
264,CSG,Columbus Airport,Columbus,GA,596.86,596.86," 3,020 ",,,,,,,,,,,
265,ERI,Erie International/Tom Ridge Field,Erie,PA,499.33,499.33," 2,916 ",,,,,,,,,,,
266,VLD,Valdosta Regional,Valdosta,GA,668.71,668.71," 2,803 ",,,,,,,,,,,
267,HGR,Hagerstown Regional-Richard A. Henson Field,Hagerstown,MD,128.96,128.96," 2,783 ",,,,,,,,,,,
268,SJT,San Angelo Regional/Mathis Field,San Angelo,TX,736.29,736.29," 2,754 ",,,,,,,,,,,
269,ROW,Roswell Air Center,Roswell,NM,552.12,552.12," 2,702 ",,,,,,,,,,,
270,EAT,Pangborn Memorial,Wenatchee,WA,530.60,530.60," 2,587 ",,,,,,,,,,,
271,PGV,Pitt Greenville,Greenville,NC,501.88,501.88," 2,490 ",,,,,,,,,,,
272,YKM,Yakima Air Terminal/McAllister Field,Yakima,WA,546.03,546.03," 2,476 ",,,,,,,,,,,
273,GTR,Golden Triangle Regional,Columbus,MS,680.64,680.64," 2,412 ",,,,,,,,,,,
274,LAW,Lawton-Fort Sill Regional,Lawton/Fort Sill,OK,570.06,570.06," 2,405 ",,,,,,,,,,,
275,TXK,Texarkana Regional-Webb Field,Texarkana,AR,571.85,571.85," 2,325 ",,,,,,,,,,,
276,MQT,Marquette Sawyer Regional,Marquette,MI,615.33,615.33," 2,316 ",,,,,,,,,,,
277,OME,Nome Airport,Nome,AK,615.44,615.44," 2,311 ",,,,,,,,,,,
278,CKB,North Central West Virginia,Clarksburg/Fairmont,WV,279.87,279.87," 2,195 ",,,,,,,,,,,
279,GGG,East Texas Regional,Longview,TX,535.81,535.81," 2,190 ",,,,,,,,,,,
280,BPT,Jack Brooks Regional,Beaumont/Port Arthur,TX,497.75,497.75," 2,120 ",,,,,,,,,,,
281,OTZ,Ralph Wien Memorial,Kotzebue,AK,544.88,544.88," 2,107 ",,,,,,,,,,,
282,SWO,Stillwater Regional,Stillwater,OK,517.11,517.11," 2,029 ",,,,,,,,,,,
283,SLE,McNary Field,Salem,OR,151.54,151.54," 1,979 ",,,,,,,,,,,
284,ALW,Walla Walla Regional,Walla Walla,WA,481.71,481.71," 1,977 ",,,,,,,,,,,
285,DHN,Dothan Regional,Dothan,AL,819.02,819.02," 1,974 ",,,,,,,,,,,
286,PPG,Pago Pago International,Pago Pago,TT,1359.99,1359.99," 1,942 ",,,,,,,,,,,
287,LSE,La Crosse Regional,La Crosse,WI,624.95,624.95," 1,939 ",,,,,,,,,,,
288,SCC,Deadhorse Airport,Deadhorse,AK,559.59,559.59," 1,933 ",,,,,,,,,,,
289,BRW,Wiley Post/Will Rogers Memorial,Barrow,AK,553.94,553.94," 1,914 ",,,,,,,,,,,
290,SPS,Sheppard AFB/Wichita Falls Municipal,Wichita Falls,TX,567.26,567.26," 1,907 ",,,,,,,,,,,
291,BQK,Brunswick Golden Isles,Brunswick,GA,599.97,599.97," 1,856 ",,,,,,,,,,,
292,TWF,Joslin Field - Magic Valley Regional,Twin Falls,ID,787.45,787.45," 1,848 ",,,,,,,,,,,
293,BGM,Greater Binghamton/Edwin A. Link Field,Binghamton,NY,491.00,491.00," 1,769 ",,,,,,,,,,,
294,CYS,Cheyenne Regional/Jerry Olson Field,Cheyenne,WY,567.99,567.99," 1,741 ",,,,,,,,,,,
295,BJI,Bemidji Regional,Bemidji,MN,722.46,722.46," 1,737 ",,,,,,,,,,,
296,STC,St. Cloud Regional,St. Cloud,MN,162.07,162.07," 1,726 ",,,,,,,,,,,
297,GUC,Gunnison-Crested Butte Regional,Gunnison,CO,618.38,618.38," 1,725 ",,,,,,,,,,,
298,ABY,Southwest Georgia Regional,Albany,GA,793.32,793.32," 1,697 ",,,,,,,,,,,
299,CIU,Chippewa County International,Sault Ste. Marie,MI,722.44,722.44," 1,670 ",,,,,,,,,,,
300,GCC,Northeast Wyoming Regional,Gillette,WY,673.41,673.41," 1,653 ",,,,,,,,,,,
301,COD,Yellowstone Regional,Cody,WY,712.52,712.52," 1,631 ",,,,,,,,,,,
302,GCK,Garden City Regional,Garden City,KS,569.68,569.68," 1,613 ",,,,,,,,,,,
303,FLO,Florence Regional,Florence,SC,525.77,525.77," 1,496 ",,,,,,,,,,,
304,SHR,Sheridan County,Sheridan,WY,670.63,670.63," 1,488 ",,,,,,,,,,,
305,ART,Watertown International,Watertown,NY,439.47,439.47," 1,484 ",,,,,,,,,,,
306,HOB,Lea County Regional,Hobbs,NM,475.45,475.45," 1,481 ",,,,,,,,,,,
307,DIK,Dickinson - Theodore Roosevelt Regional,Dickinson,ND,569.86,569.86," 1,442 ",,,,,,,,,,,
308,RHI,Rhinelander/Oneida County,Rhinelander,WI,769.65,769.65," 1,431 ",,,,,,,,,,,
309,PLN,Pellston Regional Airport of Emmet County,Pellston,MI,756.35,756.35," 1,430 ",,,,,,,,,,,
310,ABR,Aberdeen Regional,Aberdeen,SD,746.18,746.18," 1,417 ",,,,,,,,,,,
311,PIH,Pocatello Regional,Pocatello,ID,780.99,780.99," 1,386 ",,,,,,,,,,,
312,DLG,Dillingham Airport,Dillingham,AK,556.66,556.66," 1,385 ",,,,,,,,,,,
313,LAL,Lakeland Linder International,Lakeland,FL,138.17,138.17," 1,361 ",,,,,,,,,,,
314,SPN,Francisco C. Ada Saipan International,Saipan,TT,514.08,514.08," 1,357 ",,,,,,,,,,,
315,PQI,Presque Isle International,Presque Isle/Houlton,ME,252.03,252.03," 1,349 ",,,,,,,,,,,
316,SBD,San Bernardino International,San Bernardino,CA,118.08,118.08," 1,217 ",,,,,,,,,,,
317,EAU,Chippewa Valley Regional,Eau Claire,WI,229.73,229.73," 1,210 ",,,,,,,,,,,
318,RKS,Southwest Wyoming Regional,Rock Springs,WY,539.69,539.69," 1,198 ",,,,,,,,,,,
319,IMT,Ford,Iron Mountain/Kingsfd,MI,619.71,619.71," 1,197 ",,,,,,,,,,,
320,RIW,Central Wyoming Regional,Riverton/Lander,WY,567.27,567.27," 1,179 ",,,,,,,,,,,
321,OGD,Ogden-Hinckley,Ogden,UT,143.06,143.06," 1,155 ",,,,,,,,,,,
322,CMX,Houghton County Memorial,Hancock/Houghton,MI,620.93,620.93," 1,092 ",,,,,,,,,,,
323,SUX,Sioux Gateway Brig Gen Bud Day Field,Sioux City,IA,493.50,493.50," 1,055 ",,,,,,,,,,,
324,PSG,Petersburg James A Johnson,Petersburg,AK,475.21,475.21," 1,000 ",,,,,,,,,,,
325,BRD,Brainerd Lakes Regional,Brainerd,MN,676.99,676.99, 964 ,,,,,,,,,,,
326,LAR,Laramie Regional,Laramie,WY,499.22,499.22, 961 ,,,,,,,,,,,
327,AKN,King Salmon Airport,King Salmon,AK,516.01,516.01, 959 ,,,,,,,,,,,
328,ESC,Delta County,Escanaba,MI,598.85,598.85, 951 ,,,,,,,,,,,
329,HYA,Cape Cod Gateway,Hyannis,MA,494.03,494.03, 950 ,,,,,,,,,,,
330,LBF,North Platte Regional Airport Lee Bird Field,North Platte,NE,517.43,517.43, 919 ,,,,,,,,,,,
331,BTM,Bert Mooney,Butte,MT,631.57,631.57, 907 ,,,,,,,,,,,
332,MEI,Key Field,Meridian,MS,551.72,551.72, 844 ,,,,,,,,,,,
333,JST,John Murtha Johnstown-Cambria County,Johnstown,PA,524.46,524.46, 813 ,,,,,,,,,,,
334,CDV,Merle K Mudhole Smith,Cordova,AK,461.08,461.08, 811 ,,,,,,,,,,,
335,VCT,Victoria Regional,Victoria,TX,513.78,513.78, 783 ,,,,,,,,,,,
336,OTH,Southwest Oregon Regional,North Bend/Coos Bay,OR,502.97,502.97, 780 ,,,,,,,,,,,
337,EKO,Elko Regional,Elko,NV,782.66,782.66, 773 ,,,,,,,,,,,
338,SLN,Salina Regional,Salina,KS,489.16,489.16, 764 ,,,,,,,,,,,
339,SMX,Santa Maria Public/Capt. G. Allan Hancock Field,Santa Maria,CA,113.03,113.03, 739 ,,,,,,,,,,,
340,HYS,Hays Regional,Hays,KS,500.92,500.92, 735 ,,,,,,,,,,,
341,CDC,Cedar City Regional,Cedar City,UT,551.40,551.40, 732 ,,,,,,,,,,,
342,APN,Alpena County Regional,Alpena,MI,712.43,712.43, 707 ,,,,,,,,,,,
343,JLN,Joplin Regional,Joplin,MO,477.09,477.09, 681 ,,,,,,,,,,,
344,HIB,Range Regional,Hibbing,MN,682.53,682.53, 660 ,,,,,,,,,,,
345,BFF,Western Neb. Regional/William B. Heilig Field,Scottsbluff,NE,518.75,518.75, 635 ,,,,,,,,,,,
346,WRG,Wrangell Airport,Wrangell,AK,547.05,547.05, 631 ,,,,,,,,,,,
347,EAR,Kearney Regional,Kearney,NE,585.84,585.84, 618 ,,,,,,,,,,,
348,DEC,Decatur Airport,Decatur,IL,442.85,442.85, 596 ,,,,,,,,,,,
349,INL,Falls International Einarson Field,International Falls,MN,663.96,663.96, 580 ,,,,,,,,,,,
350,PRC,Prescott Regional Ernest A Love Field,Prescott,AZ,610.08,610.08, 525 ,,,,,,,,,,,
351,PIR,Pierre Regional,Pierre,SD,716.84,716.84, 507 ,,,,,,,,,,,
352,ALO,Waterloo Regional,Waterloo,IA,509.48,509.48, 493 ,,,,,,,,,,,
353,PIB,Hattiesburg-Laurel Regional,Hattiesburg/Laurel,MS,556.49,556.49, 484 ,,,,,,,,,,,
354,JMS,Jamestown Regional,Jamestown,ND,501.88,501.88, 407 ,,,,,,,,,,,
355,DVL,Devils Lake Regional,Devils Lake,ND,467.49,467.49, 390 ,,,,,,,,,,,
356,DBQ,Dubuque Regional,Dubuque,IA,520.35,520.35, 388 ,,,,,,,,,,,
357,LBL,Liberal Mid-America Regional,Liberal,KS,460.07,460.07, 386 ,,,,,,,,,,,
358,DDC,Dodge City Regional,Dodge City,KS,425.13,425.13, 384 ,,,,,,,,,,,
359,PAH,Barkley Regional,Paducah,KY,695.19,695.19, 376 ,,,,,,,,,,,
360,BFM,Mobile International,Mobile,AL,89.66,89.66, 371 ,,,,,,,,,,,
361,YAK,Yakutat Airport,Yakutat,AK,584.12,584.12, 370 ,,,,,,,,,,,
362,SHD,Shenandoah Valley Regional,Staunton,VA,620.52,620.52, 349 ,,,,,,,,,,,
363,LNS,Lancaster Airport,Lancaster,PA,184.65,184.65, 320 ,,,,,,,,,,,
364,VEL,Vernal Regional,Vernal,UT,573.62,573.62, 303 ,,,,,,,,,,,
365,FOD,Fort Dodge Regional,Fort Dodge,IA,420.45,420.45, 298 ,,,,,,,,,,,
366,BIH,Bishop Airport,Bishop,CA,471.54,471.54, 296 ,,,,,,,,,,,
367,ALS,San Luis Valley Regional/Bergman Field,Alamosa,CO,611.64,611.64, 295 ,,,,,,,,,,,
368,ATY,Watertown Regional,Watertown,SD,509.89,509.89, 281 ,,,,,,,,,,,
369,WYS,Yellowstone,West Yellowstone,MT,412.00,412.00, 259 ,,,,,,,,,,,
370,CVN,Clovis Regional,Clovis,NM,608.78,608.78, 247 ,,,,,,,,,,,
371,CNY,Canyonlands Regional,Moab,UT,447.03,447.03, 241 ,,,,,,,,,,,
372,LWB,Greenbrier Valley,Lewisburg,WV,542.52,542.52, 236 ,,,,,,,,,,,
373,LEB,Lebanon Municipal,Lebanon-Hanover,NH,558.29,558.29, 231 ,,,,,,,,,,,
374,MWA,Veterans Airport of Southern Illinois,Marion/Herrin,IL,533.08,533.08, 227 ,,,,,,,,,,,
375,MCW,Mason City Municipal,Mason City,IA,439.55,439.55, 219 ,,,,,,,,,,,
376,BKW,Raleigh County Memorial,Beckley,WV,663.12,663.12, 206 ,,,,,,,,,,,
377,OGS,Ogdensburg International,Ogdensburg,NY,75.48,75.48, 204 ,,,,,,,,,,,
378,MGW,Morgantown Municipal Walter L Bill Hart Field,Morgantown,WV,569.18,569.18, 201 ,,,,,,,,,,,
379,BHB,Hancock County-Bar Harbor,Bar Harbor,ME,441.48,441.48, 193 ,,,,,,,,,,,
380,TBN,Waynesville-St. Robert Regional Forney Field,Fort Leonard Wood,MO,455.51,455.51, 177 ,,,,,,,,,,,
381,PKB,Mid-Ohio Valley Regional,Parkersburg,WV,640.98,640.98, 174 ,,,,,,,,,,,
382,TEX,Telluride Regional,Telluride,CO,845.97,845.97, 162 ,,,,,,,,,,,
383,AUG,Augusta State,Augusta/Waterville,ME,515.79,515.79, 161 ,,,,,,,,,,,
384,CGI,Cape Girardeau Regional,Cape Girardeau,MO,568.28,568.28, 155 ,,,,,,,,,,,
385,RKD,Knox County Regional,Rockland,ME,541.61,541.61, 152 ,,,,,,,,,,,
386,IWD,Gogebic-Iron County,Ironwood,MI,544.69,544.69, 148 ,,,,,,,,,,,
387,MBL,Manistee County-Blacker,Manistee/Ludington,MI,578.11,578.11, 145 ,,,,,,,,,,,
388,PGA,Page Municipal,Page,AZ,439.52,439.52, 143 ,,,,,,,,,,,
389,IPL,Imperial County,El Centro,CA,412.65,412.65, 141 ,,,,,,,,,,,
390,DUJ,DuBois Regional,DuBois,PA,562.78,562.78, 140 ,,,,,,,,,,,
391,AOO,Altoona-Blair County,Altoona,PA,653.35,653.35, 134 ,,,,,,,,,,,
392,IRK,Kirksville Regional,Kirksville,MO,493.91,493.91, 133 ,,,,,,,,,,,
393,OWB,Owensboro Daviess County Regional,Owensboro,KY,520.95,520.95, 129 ,,,,,,,,,,,
394,LAF,Purdue University,Lafayette,IN,625.31,625.31, 128 ,,,,,,,,,,,
395,TUP,Tupelo Regional,Tupelo,MS,519.17,519.17, 126 ,,,,,,,,,,,
396,RUT,Rutland - Southern Vermont Regional,Rutland,VT,440.68,440.68, 124 ,,,,,,,,,,,
397,MKG,Muskegon County,Muskegon,MI,433.74,433.74, 107 ,,,,,,,,,,,
398,UIN,Quincy Regional-Baldwin Field,Quincy,IL,486.00,486.00, 105 ,,,,,,,,,,,
399,CEZ,Cortez Municipal,Cortez,CO,527.35,527.35, 98 ,,,,,,,,,,,
400,BRL,Southeast Iowa Regional,Burlington,IA,551.89,551.89, 96 ,,,,,,,,,,,
400,TVF,Thief River Falls Regional,Thief River Falls,MN,582.54,582.54, 96 ,,,,,,,,,,,
402,PVC,Provincetown Municipal,Provincetown,MA,520.09,520.09, 94 ,,,,,,,,,,,
403,AIA,Alliance Municipal,Alliance,NE,496.88,496.88, 92 ,,,,,,,,,,,
404,MSL,Northwest Alabama Regional,Muscle Shoals,AL,551.74,551.74, 91 ,,,,,,,,,,,
405,PUB,Pueblo Memorial,Pueblo,CO,344.14,344.14, 86 ,,,,,,,,,,,
405,SLK,Adirondack Regional,Saranac Lake/Lake Placid,NY,547.30,547.30, 86 ,,,,,,,,,,,
407,MCK,McCook Ben Nelson Regional,McCook,NE,469.26,469.26, 67 ,,,,,,,,,,,
407,SDY,Sidney Richland Regional,Sidney,MT,607.33,607.33, 67 ,,,,,,,,,,,
409,HOM,Homer Airport,Homer,AK,918.00,918.00, 66 ,,,,,,,,,,,
410,DUT,Unalaska Airport,Unalaska,AK,1330.46,1330.46, 64 ,,,,,,,,,,,
411,BFD,Bradford Regional,Bradford,PA,473.29,473.29, 62 ,,,,,,,,,,,
411,SOW,Show Low Regional,Show Low,AZ,546.65,546.65, 62 ,,,,,,,,,,,
413,GLH,Greenville Mid Delta,Greenville,MS,648.14,648.14, 61 ,,,,,,,,,,,
414,VQS,Antonio Rivera Rodriguez,Vieques,PR,638.80,638.80, 59 ,,,,,,,,,,,
415,ADK,Adak,Adak Island,AK,1005.17,1005.17, 57 ,,,,,,,,,,,
415,MAZ,Eugenio Maria de Hostos,Mayaguez,PR,505.13,505.13, 57 ,,,,,,,,,,,
417,MSS,Massena International-Richards Field,Massena,NY,511.55,511.55, 52 ,,,,,,,,,,,
418,MKK,Molokai,Hoolehua,HI,326.00,326.00, 39 ,,,,,,,,,,,
418,HOT,Memorial Field,Hot Springs,AR,519.30,519.30, 39 ,,,,,,,,,,,
418,IPT,Williamsport Regional,Williamsport,PA,465.36,465.36, 39 ,,,,,,,,,,,
421,HRO,Boone County,Harrison,AR,489.22,489.22, 30 ,,,,,,,,,,,
422,CDR,Chadron Municipal,Chadron,NE,340.25,340.25, 29 ,,,,,,,,,,,
422,GDV,Dawson Community,Glendive,MT,478.00,478.00, 29 ,,,,,,,,,,,
424,ELD,South Arkansas Regional at Goodwin Field,El Dorado,AR,564.67,564.67, 24 ,,,,,,,,,,,
425,JBR,Jonesboro Municipal,Jonesboro,AR,475.50,475.50, 20 ,,,,,,,,,,,
426,OLF,L. M. Clayton,Wolf Point,MT,246.50,246.50, 19 ,,,,,,,,,,,
427,PDT,Eastern Oregon Regional at Pendleton,Pendleton,OR,598.20,598.20, 17 ,,,,,,,,,,,
427,MKL,McKellar-Sipes Regional,Jackson,TN,667.50,667.50, 17 ,,,,,,,,,,,
429,LNY,Lanai Airport,Lanai,HI,432.57,432.57, 16 ,,,,,,,,,,,
430,CPX,Benjamin Rivera Noriega,Culebra,PR,348.00,348.00, 15 ,,,,,,,,,,,
431,HVR,Havre City-County,Havre,MT,572.33,572.33, 14 ,,,,,,,,,,,
432,GGW,Wokal Field Glasgow Valley County,Glasgow,MT,541.67,541.67, 12 ,,,,,,,,,,,
432,VDZ,Valdez Pioneer Field,Valdez,AK,770.50,770.50, 12 ,,,,,,,,,,,
434,CDB,Cold Bay Airport,Cold Bay,AK,797.00,797.00, 5 ,,,,,,,,,,,
435,KSM,St. Mary's Airport,St. Mary's,AK,861.50,861.50, 2 ,,,,,,,,,,,
435,MCN,Middle Georgia Regional,Macon,GA,300.00,300.00, 2 ,,,,,,,,,,,
435,SNP,St. Paul Island,St. Paul,AK,1776.00,1776.00, 2 ,,,,,,,,,,,
438,SDP,Sand Point,Sandpoint,AK,1362.00,1362.00, 1 ,,,,,,,,,,,
National Average,,,,,397.63,,,,,,,,,,,,,
"Source:  Bureau of Transportation Statistics, Airline Origin & Destination Survey (10% Sample), DB1B_Ticket where bulk fare equals zero, itinerary fare is greater than or equal to fifty dollars ($50) and itinerary yield is less than or equal to three dollars ($3).",,,,,,,,,,,,,,,,,,
"Itinerary Fare:  Average fares are based on domestic itinerary fares, round-trip or one-way for which no return is purchased. Fares are based on the total ticket value which consists of the price charged by the airlines plus any additional taxes and fees levied by an outside entity at the time of purchase. Fares include only the price paid at the time of the ticket purchase and do not include other fees, such as baggage fees, paid at the airport or onboard the aircraft. Averages do not include frequent-flyer or 'zero fares' or a few abnormally high reported fares.  Airports* ranked by U.S. originating domestic passengers in 2024.",,,,,,,,,,,,,,,,,,